{"address":{"id":1,"pseudo":"Z","adressName":"Maison zeus","city":"Togo, Lom\u00e9, ago\u00e9","info":"zossim\u00e9 nan\u00e9gb\u00e9 nn loin du carrefour zossim\u00e9","latitude":"6.21977385","longitude":"1.16734847","codePin":1234,"user_id":1,"created_at":"2024-07-29T18:21:01.000000Z","updated_at":"2024-07-29T18:21:01.000000Z","user":{"id":1,"name":"zeus olympia","email":"zeusolympia2@gmail.com","phone_number":"zeusolympia2@gmail.com","email_verified_at":null,"created_at":"2024-07-29T18:19:50.000000Z","updated_at":"2024-07-29T18:19:50.000000Z"}},"reciver":{"id":2,"name":"godwin","email":"mlaganigodwin2@gmail.com","phone_number":"96932873","email_verified_at":null,"created_at":"2024-07-29T18:21:27.000000Z","updated_at":"2024-07-29T18:21:27.000000Z"},"type":"pin_request"}